[
  {
    "id": "b8a0d0a6-ed3a-4ea5-8667-1aacd0b5408d",
    "data": [
      {
        "text": "classify ",
        "userDefined": false
      },
      {
        "text": "https://media-cldnry.s-nbcnews.com/image/upload/rockcms/2022-08/220805-domestic-cat-mjf-1540-382ba2.jpg",
        "meta": "@sys.url",
        "alias": "url",
        "userDefined": false
      }
    ],
    "isTemplate": false,
    "count": 1,
    "lang": "en",
    "updated": 0
  },
  {
    "id": "7939b60c-7863-4956-855c-a94d1a159550",
    "data": [
      {
        "text": "https://media-cldnry.s-nbcnews.com/image/upload/rockcms/2022-08/220805-domestic-cat-mjf-1540-382ba2.jpg",
        "meta": "@sys.url",
        "alias": "url",
        "userDefined": false
      }
    ],
    "isTemplate": false,
    "count": 4,
    "lang": "en",
    "updated": 0
  },
  {
    "id": "ae7b53a9-378a-4c5f-9743-2ef0f89c3241",
    "data": [
      {
        "text": "https://i.insider.com/62dcfe205bf4820019b5ece7?width\u003d700",
        "meta": "@sys.url",
        "alias": "url",
        "userDefined": false
      }
    ],
    "isTemplate": false,
    "count": 0,
    "lang": "en",
    "updated": 0
  },
  {
    "id": "4fcba334-4fed-4813-be8b-cd0f8e1ea67c",
    "data": [
      {
        "text": "https://www.image.com.jpg",
        "meta": "@sys.url",
        "alias": "url",
        "userDefined": true
      }
    ],
    "isTemplate": false,
    "count": 0,
    "lang": "en",
    "updated": 0
  },
  {
    "data": [
      {
        "text": "https://www.theone.com/images/thumbs/0017680_read-sofa-35-white_870.jpeg",
        "meta": "@sys.url",
        "alias": "url",
        "userDefined": false
      }
    ],
    "isTemplate": false,
    "count": 0,
    "lang": "en",
    "updated": 0
  },
  {
    "data": [
      {
        "text": "single classification sample: what is in this picture ",
        "userDefined": false
      },
      {
        "text": "https://media-cldnry.s-nbcnews.com/image/upload/rockcms/2022-08/220805-domestic-cat-mjf-1540-382ba2.jpg",
        "meta": "@sys.url",
        "alias": "url",
        "userDefined": false
      }
    ],
    "isTemplate": false,
    "count": 0,
    "lang": "en",
    "updated": 0
  },
  {
    "data": [
      {
        "text": "What item is this? ",
        "userDefined": false
      },
      {
        "text": "https://shop.tribedubai.com/products/byron-sofa-3-seat",
        "meta": "@sys.url",
        "alias": "url",
        "userDefined": false
      }
    ],
    "isTemplate": false,
    "count": 0,
    "lang": "en",
    "updated": 0
  },
  {
    "data": [
      {
        "text": "https://as2.ftcdn.net/v2/jpg/02/57/04/47/1000_F_257044725_yprcnFVCPm8c3Svonfso0EXP0hN5VRbK.jpg",
        "meta": "@sys.url",
        "alias": "url",
        "userDefined": false
      }
    ],
    "isTemplate": false,
    "count": 0,
    "lang": "en",
    "updated": 0
  },
  {
    "data": [
      {
        "text": "https://www.google.com/search?sxsrf\u003dAPwXEdeVAVIzi4-SAGz3On87V68gZo29qQ:1682016613984\u0026q\u003dfurniture\u0026tbm\u003disch\u0026sa\u003dX\u0026ved\u003d2ahUKEwjHiKGWkLn-AhWXd8AKHU3QANEQ0pQJegQIDRAB\u0026biw\u003d1920\u0026bih\u003d937\u0026dpr\u003d1#imgrc\u003dzDdwP5nyMkgWsM",
        "meta": "@sys.url",
        "alias": "url",
        "userDefined": false
      }
    ],
    "isTemplate": false,
    "count": 0,
    "lang": "en",
    "updated": 0
  }
]